Time,S_Up_var_CST,S_Up_var_Coal,S_Up_var_Wind,S_Up_var_Gas,Status_var_CST,Status_var_Coal,Status_var_Wind,Status_var_Gas,S_Down_var_CST,S_Down_var_Coal,S_Down_var_Wind,S_Down_var_Gas,Pwr_Gen_var_CST,Pwr_Gen_var_Coal,Pwr_Gen_var_Wind,Pwr_Gen_var_Gas,Angle_bus_var_System,unserved_demand_System,Pwr_curtailed_CST,Pwr_curtailed_Wind,Objective_Subhorizon_1,Fixed_Cost_Subhorizon_1,Startup_Cost_Subhorizon_1,Shutdown_Cost_Subhorizon_1,Variable_Cost_Subhorizon_1,Unserved_Demand_Cost_Subhorizon_1,Objective_Subhorizon_2,Fixed_Cost_Subhorizon_2,Startup_Cost_Subhorizon_2,Shutdown_Cost_Subhorizon_2,Variable_Cost_Subhorizon_2,Unserved_Demand_Cost_Subhorizon_2,Objective_Subhorizon_3,Fixed_Cost_Subhorizon_3,Startup_Cost_Subhorizon_3,Shutdown_Cost_Subhorizon_3,Variable_Cost_Subhorizon_3,Unserved_Demand_Cost_Subhorizon_3
1,-0.0,7.0,-0.0,4.0,-0.0,7.0,-0.0,4.0,-0.0,0.0,-0.0,-0.0,0.0,10500.0,9567.086222507001,2000.0,0.0,0.0,0.0,157.78877749299863,1.3081917383891018e8,146600.0,2.14e6,151000.0,8.261105875897855e7,0.0,0.0,0.0,0.0,0.0,0.0,0.0,0.0,0.0,0.0,0.0,0.0,0.0
2,-0.0,-0.0,-0.0,-0.0,-0.0,7.0,-0.0,4.0,-0.0,0.0,-0.0,0.0,0.0,10500.0,8633.504766919348,2000.0,0.0,0.0,0.0,830.6552330806517,0.0,0.0,0.0,0.0,0.0,0.0,0.0,0.0,0.0,0.0,0.0,0.0,0.0,0.0,0.0,0.0,0.0,0.0
3,-0.0,-0.0,-0.0,-0.0,-0.0,7.0,-0.0,1.0,-0.0,-0.0,-0.0,3.0,0.0,10514.686771457913,9053.175,500.0,0.0,0.0,0.0,0.0,0.0,0.0,0.0,0.0,0.0,0.0,0.0,0.0,0.0,0.0,0.0,0.0,0.0,0.0,0.0,0.0,0.0,0.0
4,-0.0,-0.0,-0.0,-0.0,-0.0,7.0,-0.0,1.0,-0.0,-0.0,-0.0,-0.0,0.0,10500.0,8363.478323002588,500.0,0.0,0.0,0.0,132.79167699741265,0.0,0.0,0.0,0.0,0.0,0.0,0.0,0.0,0.0,0.0,0.0,0.0,0.0,0.0,0.0,0.0,0.0,0.0
5,-0.0,-0.0,-0.0,-0.0,-0.0,7.0,-0.0,1.0,-0.0,-0.0,-0.0,-0.0,0.0,10738.168429599787,7847.55,500.0,0.0,0.0,0.0,0.0,0.0,0.0,0.0,0.0,0.0,0.0,0.0,0.0,0.0,0.0,0.0,0.0,0.0,0.0,0.0,0.0,0.0,0.0
6,-0.0,-0.0,-0.0,-0.0,-0.0,7.0,-0.0,1.0,-0.0,-0.0,-0.0,-0.0,0.0,11241.661574135996,7626.569999999999,500.0,0.0,0.0,0.0,0.0,0.0,0.0,0.0,0.0,0.0,0.0,0.0,0.0,0.0,0.0,0.0,0.0,0.0,0.0,0.0,0.0,0.0,0.0
7,-0.0,-0.0,-0.0,-0.0,-0.0,7.0,-0.0,1.0,-0.0,-0.0,-0.0,-0.0,0.0,12541.219425551339,7442.8949999999995,500.0,0.0,0.0,0.0,0.0,0.0,0.0,0.0,0.0,0.0,0.0,0.0,0.0,0.0,0.0,0.0,0.0,0.0,0.0,0.0,0.0,0.0,0.0
8,-0.0,-0.0,-0.0,-0.0,-0.0,7.0,-0.0,1.0,-0.0,-0.0,-0.0,-0.0,0.0,13379.86597452991,8282.6625,500.0,0.0,0.0,0.0,0.0,0.0,0.0,0.0,0.0,0.0,0.0,0.0,0.0,0.0,0.0,0.0,0.0,0.0,0.0,0.0,0.0,0.0,0.0
9,-0.0,1.0,-0.0,-0.0,-0.0,6.0,-0.0,-0.0,-0.0,2.0,-0.0,1.0,0.0,15247.478532069701,8675.564999999999,0.0,0.0,0.0,0.0,0.0,0.0,0.0,0.0,0.0,0.0,0.0,0.0,0.0,0.0,0.0,0.0,0.0,0.0,0.0,0.0,0.0,0.0,0.0
10,-0.0,-0.0,-0.0,1.0,-0.0,6.0,-0.0,1.0,-0.0,-0.0,-0.0,-0.0,0.0,12518.799059032237,11200.785,500.0,0.0,0.0,0.0,0.0,0.0,0.0,0.0,0.0,0.0,0.0,0.0,0.0,0.0,0.0,0.0,0.0,0.0,0.0,0.0,0.0,0.0,0.0
11,-0.0,-0.0,-0.0,-0.0,-0.0,6.0,-0.0,1.0,-0.0,-0.0,-0.0,0.0,0.0,11258.799059032237,11738.231806749853,500.0,0.0,0.0,0.0,114.9556932501473,0.0,0.0,0.0,0.0,0.0,0.0,0.0,0.0,0.0,0.0,0.0,0.0,0.0,0.0,0.0,0.0,0.0,0.0
12,-0.0,-0.0,-0.0,-0.0,-0.0,6.0,-0.0,0.0,-0.0,-0.0,-0.0,1.0,0.0,11447.375088153709,10932.794232559088,0.0,0.0,0.0,0.0,30.825767440912387,0.0,0.0,0.0,0.0,0.0,0.0,0.0,0.0,0.0,0.0,0.0,0.0,0.0,0.0,0.0,0.0,0.0,0.0
13,-0.0,-0.0,-0.0,2.0,-0.0,6.0,-0.0,2.0,-0.0,-0.0,-0.0,-0.0,0.0,12707.375088153709,8360.9925,1000.0,0.0,0.0,0.0,0.0,0.0,0.0,0.0,0.0,0.0,0.0,0.0,0.0,0.0,0.0,0.0,0.0,0.0,0.0,0.0,0.0,0.0,0.0
14,-0.0,-0.0,-0.0,-0.0,-0.0,6.0,-0.0,2.0,-0.0,-0.0,-0.0,-0.0,0.0,13967.375088153707,6186.9,2066.3525851880167,0.0,0.0,0.0,0.0,0.0,0.0,0.0,0.0,0.0,0.0,0.0,0.0,0.0,0.0,0.0,0.0,0.0,0.0,0.0,0.0,0.0,0.0
15,-0.0,-0.0,-0.0,1.0,-0.0,6.0,-0.0,3.0,-0.0,-0.0,-0.0,-0.0,0.0,14691.436119422351,5952.0675,1951.4495211060876,0.0,0.0,0.0,0.0,0.0,0.0,0.0,0.0,0.0,0.0,0.0,0.0,0.0,0.0,0.0,0.0,0.0,0.0,0.0,0.0,0.0,0.0
16,-0.0,-0.0,-0.0,4.0,-0.0,5.0,-0.0,7.0,-0.0,1.0,-0.0,-0.0,0.0,13470.0,4337.632500000001,5751.449521106088,0.0,0.0,0.0,0.0,0.0,0.0,0.0,0.0,0.0,0.0,0.0,0.0,0.0,0.0,0.0,0.0,0.0,0.0,0.0,0.0,0.0,0.0
17,-0.0,-0.0,-0.0,1.0,-0.0,4.0,-0.0,8.0,-0.0,1.0,-0.0,-0.0,0.0,11130.0,4362.765,9876.398598556672,0.0,0.0,0.0,0.0,0.0,0.0,0.0,0.0,0.0,0.0,0.0,0.0,0.0,0.0,0.0,0.0,0.0,0.0,0.0,0.0,0.0,0.0
18,-0.0,-0.0,-0.0,-0.0,-0.0,3.0,-0.0,8.0,-0.0,1.0,-0.0,-0.0,6158.18125,9000.0,6783.66,5569.785834282553,0.0,0.0,0.0,0.0,0.0,0.0,0.0,0.0,0.0,0.0,0.0,0.0,0.0,0.0,0.0,0.0,0.0,0.0,0.0,0.0,0.0,0.0
19,-0.0,-0.0,-0.0,-0.0,-0.0,3.0,-0.0,2.0,-0.0,-0.0,-0.0,6.0,12309.83125,7414.145917977831,7056.345,1000.0,0.0,0.0,0.0,0.0,0.0,0.0,0.0,0.0,0.0,0.0,0.0,0.0,0.0,0.0,0.0,0.0,0.0,0.0,0.0,0.0,0.0,0.0
20,-0.0,-0.0,-0.0,-0.0,-0.0,3.0,-0.0,2.0,-0.0,-0.0,-0.0,-0.0,12360.599999999999,7446.113505521029,5904.224999999999,1074.5273387540783,0.0,0.0,0.0,0.0,0.0,0.0,0.0,0.0,0.0,0.0,0.0,0.0,0.0,0.0,0.0,0.0,0.0,0.0,0.0,0.0,0.0,0.0
21,-0.0,-0.0,-0.0,0.0,-0.0,3.0,-0.0,2.0,-0.0,-0.0,-0.0,-0.0,12227.175,6816.113505521031,4775.054999999999,2162.352227340327,0.0,0.0,0.0,0.0,0.0,0.0,0.0,0.0,0.0,0.0,0.0,0.0,0.0,0.0,0.0,0.0,0.0,0.0,0.0,0.0,0.0,0.0
22,-0.0,-0.0,-0.0,-0.0,-0.0,3.0,-0.0,2.0,-0.0,-0.0,-0.0,0.0,12348.5,6186.1135055210725,5310.24,1000.0,0.0,0.0,0.0,0.0,0.0,0.0,0.0,0.0,0.0,0.0,0.0,0.0,0.0,0.0,0.0,0.0,0.0,0.0,0.0,0.0,0.0,0.0
23,-0.0,-0.0,-0.0,-0.0,-0.0,3.0,-0.0,-0.0,-0.0,-0.0,-0.0,2.0,12276.80625,5733.211305361038,5694.6825,0.0,0.0,0.0,0.0,0.0,0.0,0.0,0.0,0.0,0.0,0.0,0.0,0.0,0.0,0.0,0.0,0.0,0.0,0.0,0.0,0.0,0.0,0.0
24,-0.0,3.0,-0.0,3.0,-0.0,6.0,-0.0,3.0,-0.0,-0.0,-0.0,-0.0,6056.40625,10473.304709142605,4723.387500000001,1500.0,0.0,0.0,0.0,0.0,0.0,0.0,0.0,0.0,0.0,0.0,0.0,0.0,0.0,0.0,0.0,0.0,0.0,0.0,0.0,0.0,0.0,0.0
25,-0.0,1.0,-0.0,2.0,-0.0,7.0,-0.0,5.0,-0.0,-0.0,-0.0,-0.0,0.0,13233.304709142665,4653.6449999999995,3901.166624452012,0.0,0.0,0.0,0.0,0.0,0.0,0.0,0.0,0.0,0.0,0.0,0.0,0.0,0.0,0.0,0.0,0.0,0.0,0.0,0.0,0.0,0.0
26,-0.0,1.0,-0.0,-0.0,-0.0,8.0,-0.0,2.0,-0.0,-0.0,-0.0,3.0,0.0,15816.733477389927,4018.4400000000005,1000.0,0.0,0.0,0.0,0.0,0.0,0.0,0.0,0.0,0.0,0.0,0.0,0.0,0.0,0.0,0.0,0.0,0.0,0.0,0.0,0.0,0.0,0.0
27,-0.0,-0.0,-0.0,-0.0,-0.0,8.0,-0.0,1.0,-0.0,-0.0,-0.0,1.0,0.0,15633.737316651019,3593.385,500.0,0.0,0.0,0.0,0.0,0.0,0.0,0.0,0.0,0.0,0.0,0.0,0.0,0.0,0.0,0.0,0.0,0.0,0.0,0.0,0.0,0.0,0.0
28,-0.0,-0.0,-0.0,-0.0,-0.0,8.0,-0.0,1.0,-0.0,-0.0,-0.0,-0.0,0.0,15590.506313060137,3009.15,500.0,0.0,0.0,0.0,0.0,0.0,0.0,0.0,0.0,0.0,0.0,0.0,0.0,0.0,0.0,0.0,0.0,0.0,0.0,0.0,0.0,0.0,0.0
29,-0.0,-0.0,-0.0,-0.0,-0.0,8.0,-0.0,-0.0,-0.0,-0.0,-0.0,1.0,0.0,16158.280774913805,2726.7524999999996,0.0,0.0,0.0,0.0,0.0,0.0,0.0,0.0,0.0,0.0,0.0,0.0,0.0,0.0,0.0,0.0,0.0,0.0,0.0,0.0,0.0,0.0,0.0
30,-0.0,-0.0,-0.0,1.0,-0.0,8.0,-0.0,1.0,-0.0,-0.0,-0.0,-0.0,0.0,15762.306988850063,2845.7475,500.0,0.0,0.0,0.0,0.0,0.0,0.0,0.0,0.0,0.0,0.0,0.0,0.0,0.0,0.0,0.0,0.0,0.0,0.0,0.0,0.0,0.0,0.0
31,-0.0,-0.0,-0.0,-0.0,-0.0,8.0,-0.0,1.0,-0.0,-0.0,-0.0,-0.0,0.0,16444.627709789827,3039.4417414558457,500.0,0.0,0.0,0.0,385.38075854415456,0.0,0.0,0.0,0.0,0.0,0.0,0.0,0.0,0.0,0.0,0.0,0.0,0.0,0.0,0.0,0.0,0.0,0.0
32,-0.0,-0.0,-0.0,-0.0,-0.0,8.0,-0.0,-0.0,-0.0,-0.0,-0.0,1.0,0.0,18124.627709789827,2808.3975,0.0,0.0,0.0,0.0,0.0,0.0,0.0,0.0,0.0,0.0,0.0,0.0,0.0,0.0,0.0,0.0,0.0,0.0,0.0,0.0,0.0,0.0,0.0
33,-0.0,-0.0,-0.0,2.0,-0.0,8.0,-0.0,2.0,-0.0,-0.0,-0.0,-0.0,0.0,19602.979782169754,1308.24,1000.0,0.0,0.0,0.0,0.0,0.0,0.0,0.0,0.0,0.0,0.0,0.0,0.0,0.0,0.0,0.0,0.0,0.0,0.0,0.0,0.0,0.0,0.0
34,-0.0,-0.0,-0.0,0.0,-0.0,8.0,-0.0,2.0,-0.0,-0.0,-0.0,-0.0,0.0,20030.487793534718,441.03,1000.0,0.0,0.0,0.0,0.0,0.0,0.0,0.0,0.0,0.0,0.0,0.0,0.0,0.0,0.0,0.0,0.0,0.0,0.0,0.0,0.0,0.0,0.0
35,-0.0,-0.0,-0.0,-0.0,-0.0,8.0,-0.0,1.0,-0.0,-0.0,-0.0,1.0,0.0,18613.88125763461,843.4425,674.4189522122186,0.0,0.0,0.0,0.0,0.0,0.0,0.0,0.0,0.0,0.0,0.0,0.0,0.0,0.0,0.0,0.0,0.0,0.0,0.0,0.0,0.0,0.0
36,-0.0,-0.0,-0.0,-0.0,-0.0,8.0,-0.0,1.0,-0.0,-0.0,-0.0,-0.0,0.0,16933.88125763461,1553.1375,500.0,0.0,0.0,0.0,0.0,0.0,0.0,0.0,0.0,0.0,0.0,0.0,0.0,0.0,0.0,0.0,0.0,0.0,0.0,0.0,0.0,0.0,0.0
37,-0.0,-0.0,-0.0,0.0,-0.0,8.0,-0.0,1.0,-0.0,-0.0,-0.0,0.0,0.0,16753.38319460474,1189.7324999999998,500.0,0.0,0.0,0.0,0.0,0.0,0.0,0.0,0.0,0.0,0.0,0.0,0.0,0.0,0.0,0.0,0.0,0.0,0.0,0.0,0.0,0.0,0.0
38,-0.0,-0.0,-0.0,0.0,-0.0,8.0,-0.0,1.0,-0.0,-0.0,-0.0,0.0,0.0,17740.47478924866,681.87,500.0,0.0,0.0,0.0,0.0,0.0,0.0,0.0,0.0,0.0,0.0,0.0,0.0,0.0,0.0,0.0,0.0,0.0,0.0,0.0,0.0,0.0,0.0
39,-0.0,-0.0,-0.0,0.0,-0.0,8.0,-0.0,1.0,-0.0,-0.0,-0.0,0.0,0.0,18810.485051860673,864.0525,500.0,0.0,0.0,0.0,0.0,0.0,0.0,0.0,0.0,0.0,0.0,0.0,0.0,0.0,0.0,0.0,0.0,0.0,0.0,0.0,0.0,0.0,0.0
40,-0.0,-0.0,-0.0,0.0,-0.0,8.0,-0.0,1.0,-0.0,-0.0,-0.0,0.0,0.0,20398.261446297347,1306.2524999999998,500.0,0.0,0.0,0.0,0.0,0.0,0.0,0.0,0.0,0.0,0.0,0.0,0.0,0.0,0.0,0.0,0.0,0.0,0.0,0.0,0.0,0.0,0.0
41,-0.0,-0.0,-0.0,0.0,-0.0,8.0,-0.0,1.0,-0.0,-0.0,-0.0,0.0,0.0,21625.58276733452,2781.3374999999996,500.0,0.0,0.0,0.0,0.0,0.0,0.0,0.0,0.0,0.0,0.0,0.0,0.0,0.0,0.0,0.0,0.0,0.0,0.0,0.0,0.0,0.0,0.0
42,-0.0,-0.0,-0.0,2.0,-0.0,8.0,-0.0,3.0,-0.0,-0.0,-0.0,-0.0,0.0,22640.825297118696,3493.2225000000003,1532.3223815241722,0.0,0.0,0.0,0.0,0.0,0.0,0.0,0.0,0.0,0.0,0.0,0.0,0.0,0.0,0.0,0.0,0.0,0.0,0.0,0.0,0.0,0.0
43,-0.0,-0.0,-0.0,4.0,-0.0,7.0,-0.0,7.0,-0.0,1.0,-0.0,-0.0,0.0,21000.0,1973.0175,5332.322381524173,0.0,0.0,0.0,0.0,0.0,0.0,0.0,0.0,0.0,0.0,0.0,0.0,0.0,0.0,0.0,0.0,0.0,0.0,0.0,0.0,0.0,0.0
44,-0.0,-0.0,-0.0,0.0,-0.0,7.0,-0.0,7.0,-0.0,-0.0,-0.0,-0.0,0.0,18911.817383969294,729.9825,7749.834385313352,0.0,0.0,0.0,0.0,0.0,0.0,0.0,0.0,0.0,0.0,0.0,0.0,0.0,0.0,0.0,0.0,0.0,0.0,0.0,0.0,0.0,0.0
45,-0.0,-0.0,-0.0,1.0,-0.0,7.0,-0.0,8.0,-0.0,-0.0,-0.0,0.0,3541.01875,17441.817383969294,548.9475,4992.950655159759,0.0,0.0,0.0,0.0,0.0,0.0,0.0,0.0,0.0,0.0,0.0,0.0,0.0,0.0,0.0,0.0,0.0,0.0,0.0,0.0,0.0,0.0
46,-0.0,-0.0,-0.0,-0.0,-0.0,6.0,-0.0,1.0,-0.0,1.0,-0.0,7.0,7171.6,15971.817383969294,1369.4325000000001,500.0,0.0,0.0,0.0,0.0,0.0,0.0,0.0,0.0,0.0,0.0,0.0,0.0,0.0,0.0,0.0,0.0,0.0,0.0,0.0,0.0,0.0,0.0
47,-0.0,-0.0,-0.0,-0.0,-0.0,6.0,-0.0,1.0,-0.0,-0.0,-0.0,-0.0,7209.006249999999,13860.378087507654,1734.945,600.0,0.0,0.0,0.0,0.0,0.0,0.0,0.0,0.0,0.0,0.0,0.0,0.0,0.0,0.0,0.0,0.0,0.0,0.0,0.0,0.0,0.0,0.0
48,-0.0,-0.0,-0.0,-0.0,-0.0,6.0,-0.0,1.0,-0.0,-0.0,-0.0,-0.0,7296.125000000001,13363.528676836615,1282.7475,500.0,0.0,0.0,0.0,0.0,0.0,0.0,0.0,0.0,0.0,0.0,0.0,0.0,0.0,0.0,0.0,0.0,0.0,0.0,0.0,0.0,0.0,0.0
49,-0.0,1.0,-0.0,0.0,-0.0,7.0,-0.0,0.0,-0.0,-0.0,-0.0,-0.0,7379.58125,12955.91172621143,1179.6750000000002,0.0,0.0,0.0,0.0,0.0,0.0,0.0,0.0,0.0,0.0,0.0,1.3610193870322597e8,161000.0,1.2e6,117000.0,8.99147456978242e7,0.0,0.0,0.0,0.0,0.0,0.0,0.0
50,-0.0,-0.0,-0.0,-0.0,-0.0,7.0,-0.0,0.0,-0.0,-0.0,-0.0,0.0,7391.4625,11973.170213120886,1367.6474999999998,0.0,0.0,0.0,0.0,0.0,0.0,0.0,0.0,0.0,0.0,0.0,0.0,0.0,0.0,0.0,0.0,0.0,0.0,0.0,0.0,0.0,0.0,0.0
51,-0.0,-0.0,-0.0,0.0,-0.0,7.0,-0.0,0.0,-0.0,-0.0,-0.0,-0.0,7390.88125,11092.088902893496,1393.3125,0.0,0.0,0.0,0.0,0.0,0.0,0.0,0.0,0.0,0.0,0.0,0.0,0.0,0.0,0.0,0.0,0.0,0.0,0.0,0.0,0.0,0.0,0.0
52,-0.0,-0.0,-0.0,0.0,-0.0,7.0,-0.0,-0.0,-0.0,-0.0,-0.0,-0.0,7378.075000000001,11112.012510437875,985.9875,0.0,0.0,0.0,0.0,0.0,0.0,0.0,0.0,0.0,0.0,0.0,0.0,0.0,0.0,0.0,0.0,0.0,0.0,0.0,0.0,0.0,0.0,0.0
53,-0.0,-0.0,-0.0,-0.0,-0.0,7.0,-0.0,0.0,-0.0,-0.0,-0.0,0.0,7384.79375,11457.785568317282,727.8005539460646,0.0,0.0,0.0,0.0,152.72194605393543,0.0,0.0,0.0,0.0,0.0,0.0,0.0,0.0,0.0,0.0,0.0,0.0,0.0,0.0,0.0,0.0,0.0,0.0
54,-0.0,-0.0,-0.0,7.0,-0.0,7.0,-0.0,7.0,-0.0,-0.0,-0.0,-0.0,3684.0249999999996,12927.785568317282,648.7377218422098,3500.0,0.0,0.0,0.0,111.20727815779026,0.0,0.0,0.0,0.0,0.0,0.0,0.0,0.0,0.0,0.0,0.0,0.0,0.0,0.0,0.0,0.0,0.0,0.0
55,-0.0,1.0,-0.0,-0.0,-0.0,8.0,-0.0,7.0,-0.0,0.0,-0.0,0.0,0.0,15897.785568317282,900.6825,6497.511458426263,0.0,0.0,0.0,0.0,0.0,0.0,0.0,0.0,0.0,0.0,0.0,0.0,0.0,0.0,0.0,0.0,0.0,0.0,0.0,0.0,0.0,0.0
56,-0.0,0.0,-0.0,-0.0,-0.0,8.0,-0.0,5.0,-0.0,-0.0,-0.0,2.0,0.0,17577.785568317282,996.9075000000001,7485.322738692172,0.0,0.0,0.0,0.0,0.0,0.0,0.0,0.0,0.0,0.0,0.0,0.0,0.0,0.0,0.0,0.0,0.0,0.0,0.0,0.0,0.0,0.0
57,-0.0,-0.0,-0.0,-0.0,-0.0,8.0,-0.0,5.0,-0.0,-0.0,-0.0,-0.0,0.0,19257.785568317282,564.84,7500.0,0.0,0.0,0.0,0.0,0.0,0.0,0.0,0.0,0.0,0.0,0.0,0.0,0.0,0.0,0.0,0.0,0.0,0.0,0.0,0.0,0.0,0.0
58,-0.0,-0.0,-0.0,-0.0,-0.0,8.0,-0.0,5.0,-0.0,-0.0,-0.0,0.0,0.0,20937.785568317282,146.22,4988.946737311038,0.0,0.0,0.0,0.0,0.0,0.0,0.0,0.0,0.0,0.0,0.0,0.0,0.0,0.0,0.0,0.0,0.0,0.0,0.0,0.0,0.0,0.0
59,-0.0,-0.0,-0.0,-0.0,-0.0,8.0,-0.0,3.0,-0.0,0.0,-0.0,2.0,0.0,22617.785568317282,63.0075,2303.808978087978,0.0,0.0,0.0,0.0,0.0,0.0,0.0,0.0,0.0,0.0,0.0,0.0,0.0,0.0,0.0,0.0,0.0,0.0,0.0,0.0,0.0,0.0
60,-0.0,-0.0,-0.0,-0.0,-0.0,8.0,-0.0,2.0,-0.0,-0.0,-0.0,1.0,0.0,22738.31464344419,38.722500000000004,1000.0,0.0,0.0,0.0,0.0,0.0,0.0,0.0,0.0,0.0,0.0,0.0,0.0,0.0,0.0,0.0,0.0,0.0,0.0,0.0,0.0,0.0,0.0
61,-0.0,-0.0,-0.0,-0.0,-0.0,8.0,-0.0,2.0,-0.0,-0.0,-0.0,0.0,0.0,21960.82717470209,56.67,1000.0,0.0,0.0,0.0,0.0,0.0,0.0,0.0,0.0,0.0,0.0,0.0,0.0,0.0,0.0,0.0,0.0,0.0,0.0,0.0,0.0,0.0,0.0
62,-0.0,-0.0,-0.0,-0.0,-0.0,8.0,-0.0,2.0,-0.0,-0.0,-0.0,-0.0,0.0,21954.800614652984,96.6375,1000.0,0.0,0.0,0.0,0.0,0.0,0.0,0.0,0.0,0.0,0.0,0.0,0.0,0.0,0.0,0.0,0.0,0.0,0.0,0.0,0.0,0.0,0.0
63,-0.0,-0.0,-0.0,-0.0,-0.0,8.0,-0.0,2.0,-0.0,-0.0,-0.0,-0.0,0.0,22664.637387480117,150.57,1000.0,0.0,0.0,0.0,0.0,0.0,0.0,0.0,0.0,0.0,0.0,0.0,0.0,0.0,0.0,0.0,0.0,0.0,0.0,0.0,0.0,0.0,0.0
64,-0.0,-0.0,-0.0,1.0,-0.0,8.0,-0.0,3.0,-0.0,-0.0,-0.0,-0.0,0.0,23550.642256765394,232.5075,1500.0,0.0,0.0,0.0,0.0,0.0,0.0,0.0,0.0,0.0,0.0,0.0,0.0,0.0,0.0,0.0,0.0,0.0,0.0,0.0,0.0,0.0,0.0
65,-0.0,-0.0,-0.0,3.0,-0.0,8.0,-0.0,6.0,-0.0,-0.0,-0.0,-0.0,0.0,22857.261071318368,590.325,4339.928291400229,0.0,0.0,0.0,0.0,0.0,0.0,0.0,0.0,0.0,0.0,0.0,0.0,0.0,0.0,0.0,0.0,0.0,0.0,0.0,0.0,0.0,0.0
66,-0.0,-0.0,-0.0,2.0,-0.0,8.0,-0.0,8.0,-0.0,-0.0,-0.0,-0.0,0.0,21215.300157160134,504.0075,8939.928291400229,0.0,0.0,0.0,0.0,0.0,0.0,0.0,0.0,0.0,0.0,0.0,0.0,0.0,0.0,0.0,0.0,0.0,0.0,0.0,0.0,0.0,0.0
67,-0.0,-0.0,-0.0,-0.0,-0.0,7.0,-0.0,8.0,-0.0,1.0,-0.0,0.0,6163.64375,19535.300157160134,145.0425,5278.210171005034,0.0,0.0,0.0,0.0,0.0,0.0,0.0,0.0,0.0,0.0,0.0,0.0,0.0,0.0,0.0,0.0,0.0,0.0,0.0,0.0,0.0,0.0
68,-0.0,-0.0,-0.0,-0.0,-0.0,7.0,-0.0,1.0,-0.0,-0.0,-0.0,7.0,12379.24375,16775.300157160134,51.585,676.416031322904,0.0,0.0,0.0,0.0,0.0,0.0,0.0,0.0,0.0,0.0,0.0,0.0,0.0,0.0,0.0,0.0,0.0,0.0,0.0,0.0,0.0,0.0
69,-0.0,-0.0,-0.0,-0.0,-0.0,7.0,-0.0,1.0,-0.0,0.0,-0.0,-0.0,12135.34375,15305.300157160134,145.4025,1042.962887522459,0.0,0.0,0.0,0.0,0.0,0.0,0.0,0.0,0.0,0.0,0.0,0.0,0.0,0.0,0.0,0.0,0.0,0.0,0.0,0.0,0.0,0.0
70,-0.0,-0.0,-0.0,-0.0,-0.0,6.0,-0.0,1.0,-0.0,1.0,-0.0,-0.0,12315.625,13835.300157160134,110.7075,500.0,0.0,0.0,0.0,0.0,0.0,0.0,0.0,0.0,0.0,0.0,0.0,0.0,0.0,0.0,0.0,0.0,0.0,0.0,0.0,0.0,0.0,0.0
71,-0.0,-0.0,-0.0,1.0,-0.0,4.0,-0.0,2.0,-0.0,2.0,-0.0,-0.0,12345.3875,11439.628828465566,44.677499999999995,1000.0,0.0,0.0,0.0,0.0,0.0,0.0,0.0,0.0,0.0,0.0,0.0,0.0,0.0,0.0,0.0,0.0,0.0,0.0,0.0,0.0,0.0,0.0
72,-0.0,-0.0,-0.0,0.0,-0.0,4.0,-0.0,2.0,-0.0,0.0,-0.0,0.0,12088.80625,10173.099585865135,38.415,1340.2466634606353,0.0,0.0,0.0,0.0,0.0,0.0,0.0,0.0,0.0,0.0,0.0,0.0,0.0,0.0,0.0,0.0,0.0,0.0,0.0,0.0,0.0,0.0
73,-0.0,-0.0,-0.0,-0.0,-0.0,4.0,-0.0,1.0,-0.0,0.0,-0.0,1.0,11832.2625,9333.099585865135,34.755,1318.7078180563658,0.0,0.0,0.0,0.0,0.0,0.0,0.0,0.0,0.0,0.0,0.0,0.0,0.0,0.0,0.0,0.0,0.0,0.0,0.0,0.0,0.0,0.0
74,-0.0,-0.0,-0.0,-0.0,-0.0,4.0,-0.0,1.0,-0.0,0.0,-0.0,0.0,11865.993750000001,8493.099585865135,49.1325,961.1684337540373,0.0,0.0,0.0,0.0,0.0,0.0,0.0,0.0,0.0,0.0,0.0,0.0,0.0,0.0,0.0,0.0,0.0,0.0,0.0,0.0,0.0,0.0
75,-0.0,-0.0,-0.0,-0.0,-0.0,4.0,-0.0,1.0,-0.0,-0.0,-0.0,0.0,11833.03125,7653.099585865135,205.0875,744.3780029578156,0.0,0.0,0.0,0.0,0.0,0.0,0.0,0.0,0.0,0.0,0.0,0.0,0.0,0.0,0.0,0.0,0.0,0.0,0.0,0.0,0.0,0.0
76,-0.0,-0.0,-0.0,-0.0,-0.0,4.0,-0.0,1.0,-0.0,-0.0,-0.0,0.0,11863.09375,6813.099585865135,630.3225000000001,500.0,0.0,0.0,0.0,0.0,0.0,0.0,0.0,0.0,0.0,0.0,0.0,0.0,0.0,0.0,0.0,0.0,0.0,0.0,0.0,0.0,0.0,0.0
77,-0.0,-0.0,-0.0,0.0,-0.0,4.0,-0.0,1.0,-0.0,-0.0,-0.0,0.0,11859.7625,6519.904272921048,880.02,500.0,0.0,0.0,0.0,0.0,0.0,0.0,0.0,0.0,0.0,0.0,0.0,0.0,0.0,0.0,0.0,0.0,0.0,0.0,0.0,0.0,0.0,0.0
78,-0.0,2.0,-0.0,5.0,-0.0,6.0,-0.0,6.0,-0.0,-0.0,-0.0,-0.0,5744.931250000001,10359.904272921049,1362.68248096378,3408.2983381259073,0.0,0.0,0.0,7.867519036220074,0.0,0.0,0.0,0.0,0.0,0.0,0.0,0.0,0.0,0.0,0.0,0.0,0.0,0.0,0.0,0.0,0.0,0.0
79,-0.0,2.0,-0.0,-0.0,-0.0,8.0,-0.0,6.0,-0.0,-0.0,-0.0,-0.0,0.0,14619.904272921049,1954.5225000000003,7008.298338125907,0.0,0.0,0.0,0.0,0.0,0.0,0.0,0.0,0.0,0.0,0.0,0.0,0.0,0.0,0.0,0.0,0.0,0.0,0.0,0.0,0.0,0.0
80,-0.0,-0.0,-0.0,-0.0,-0.0,8.0,-0.0,6.0,-0.0,-0.0,-0.0,-0.0,0.0,16299.904272921049,2190.96,7948.059413956176,0.0,0.0,0.0,0.0,0.0,0.0,0.0,0.0,0.0,0.0,0.0,0.0,0.0,0.0,0.0,0.0,0.0,0.0,0.0,0.0,0.0,0.0
81,-0.0,0.0,-0.0,-0.0,-0.0,8.0,-0.0,6.0,-0.0,-0.0,-0.0,-0.0,0.0,17979.90427292105,2833.6275,7014.916222109419,0.0,0.0,0.0,0.0,0.0,0.0,0.0,0.0,0.0,0.0,0.0,0.0,0.0,0.0,0.0,0.0,0.0,0.0,0.0,0.0,0.0,0.0
82,-0.0,-0.0,-0.0,-0.0,-0.0,8.0,-0.0,6.0,-0.0,-0.0,-0.0,-0.0,0.0,19659.90427292105,1846.1325000000002,5587.8817008570695,0.0,0.0,0.0,0.0,0.0,0.0,0.0,0.0,0.0,0.0,0.0,0.0,0.0,0.0,0.0,0.0,0.0,0.0,0.0,0.0,0.0,0.0
83,-0.0,-0.0,-0.0,-0.0,-0.0,8.0,-0.0,3.0,-0.0,-0.0,-0.0,3.0,0.0,21178.381433056107,2347.2075000000004,1987.8817008570695,0.0,0.0,0.0,0.0,0.0,0.0,0.0,0.0,0.0,0.0,0.0,0.0,0.0,0.0,0.0,0.0,0.0,0.0,0.0,0.0,0.0,0.0
84,-0.0,-0.0,-0.0,-0.0,-0.0,8.0,-0.0,1.0,-0.0,-0.0,-0.0,2.0,0.0,19806.70229723819,3819.0749999999994,500.0,0.0,0.0,0.0,0.0,0.0,0.0,0.0,0.0,0.0,0.0,0.0,0.0,0.0,0.0,0.0,0.0,0.0,0.0,0.0,0.0,0.0,0.0
85,-0.0,-0.0,-0.0,-0.0,-0.0,8.0,-0.0,1.0,-0.0,-0.0,-0.0,0.0,0.0,18133.32286500389,5002.7474999999995,500.0,0.0,0.0,0.0,0.0,0.0,0.0,0.0,0.0,0.0,0.0,0.0,0.0,0.0,0.0,0.0,0.0,0.0,0.0,0.0,0.0,0.0,0.0
86,-0.0,-0.0,-0.0,-0.0,-0.0,8.0,-0.0,1.0,-0.0,-0.0,-0.0,-0.0,0.0,18174.67826724534,4948.0199999999995,500.0,0.0,0.0,0.0,0.0,0.0,0.0,0.0,0.0,0.0,0.0,0.0,0.0,0.0,0.0,0.0,0.0,0.0,0.0,0.0,0.0,0.0,0.0
87,-0.0,-0.0,-0.0,-0.0,-0.0,8.0,-0.0,1.0,-0.0,-0.0,-0.0,-0.0,0.0,18395.61301513145,5216.4675,500.0,0.0,0.0,0.0,0.0,0.0,0.0,0.0,0.0,0.0,0.0,0.0,0.0,0.0,0.0,0.0,0.0,0.0,0.0,0.0,0.0,0.0,0.0
88,-0.0,0.0,-0.0,0.0,-0.0,8.0,-0.0,1.0,-0.0,-0.0,-0.0,-0.0,0.0,20075.61301513145,4550.6775,637.8354031544513,0.0,0.0,0.0,0.0,0.0,0.0,0.0,0.0,0.0,0.0,0.0,0.0,0.0,0.0,0.0,0.0,0.0,0.0,0.0,0.0,0.0,0.0
89,-0.0,-0.0,-0.0,0.0,-0.0,8.0,-0.0,1.0,-0.0,-0.0,-0.0,-0.0,0.0,21178.067082471283,5206.867499999999,1000.0,0.0,0.0,0.0,0.0,0.0,0.0,0.0,0.0,0.0,0.0,0.0,0.0,0.0,0.0,0.0,0.0,0.0,0.0,0.0,0.0,0.0,0.0
90,-0.0,-0.0,-0.0,1.0,-0.0,8.0,-0.0,2.0,-0.0,-0.0,-0.0,-0.0,0.0,22325.526475023988,6716.4675,1000.0,0.0,0.0,0.0,0.0,0.0,0.0,0.0,0.0,0.0,0.0,0.0,0.0,0.0,0.0,0.0,0.0,0.0,0.0,0.0,0.0,0.0,0.0
91,-0.0,-0.0,-0.0,0.0,-0.0,8.0,-0.0,2.0,-0.0,-0.0,-0.0,-0.0,0.0,21465.033266669398,7757.242499999999,1450.180185973607,0.0,0.0,0.0,0.0,0.0,0.0,0.0,0.0,0.0,0.0,0.0,0.0,0.0,0.0,0.0,0.0,0.0,0.0,0.0,0.0,0.0,0.0
92,-0.0,-0.0,-0.0,-0.0,-0.0,8.0,-0.0,2.0,-0.0,-0.0,-0.0,-0.0,0.0,20941.466909280945,5736.6975,2650.1801859736115,0.0,0.0,0.0,0.0,0.0,0.0,0.0,0.0,0.0,0.0,0.0,0.0,0.0,0.0,0.0,0.0,0.0,0.0,0.0,0.0,0.0,0.0
93,-0.0,-0.0,-0.0,-0.0,-0.0,8.0,-0.0,2.0,-0.0,-0.0,-0.0,0.0,0.0,19261.466909280945,7207.455,2075.897159121505,0.0,0.0,0.0,0.0,0.0,0.0,0.0,0.0,0.0,0.0,0.0,0.0,0.0,0.0,0.0,0.0,0.0,0.0,0.0,0.0,0.0,0.0
94,-0.0,-0.0,-0.0,-0.0,-0.0,7.0,-0.0,1.0,-0.0,1.0,-0.0,1.0,0.0,17581.466909280945,8108.91,1145.9449393262475,0.0,0.0,0.0,0.0,0.0,0.0,0.0,0.0,0.0,0.0,0.0,0.0,0.0,0.0,0.0,0.0,0.0,0.0,0.0,0.0,0.0,0.0
95,-0.0,-0.0,-0.0,-0.0,-0.0,7.0,-0.0,1.0,-0.0,-0.0,-0.0,0.0,0.0,14821.466909280944,9400.80362466235,645.9449393262477,0.0,0.0,0.0,51.27387533765068,0.0,0.0,0.0,0.0,0.0,0.0,0.0,0.0,0.0,0.0,0.0,0.0,0.0,0.0,0.0,0.0,0.0,0.0
96,-0.0,-0.0,-0.0,-0.0,-0.0,6.0,-0.0,1.0,-0.0,1.0,-0.0,0.0,0.0,13351.466909280944,9777.0525,500.0,0.0,0.0,0.0,0.0,0.0,0.0,0.0,0.0,0.0,0.0,0.0,0.0,0.0,0.0,0.0,0.0,0.0,0.0,0.0,0.0,0.0,0.0
97,-0.0,3.0,-0.0,4.0,-0.0,4.0,-0.0,5.0,-0.0,1.0,-0.0,-0.0,0.0,8273.90350151969,11428.515,2699.3898346404094,0.0,0.0,0.0,0.0,0.0,0.0,0.0,0.0,0.0,0.0,0.0,0.0,0.0,0.0,0.0,0.0,4.462243382963134e7,42800.0,930000.0,93000.0,4.3508609340346724e7,0.0
98,-0.0,-0.0,-0.0,-0.0,-0.0,4.0,-0.0,4.0,-0.0,-0.0,-0.0,1.0,0.0,6615.233641689616,12633.4125,2000.0,0.0,0.0,0.0,0.0,0.0,0.0,0.0,0.0,0.0,0.0,0.0,0.0,0.0,0.0,0.0,0.0,0.0,0.0,0.0,0.0,0.0,0.0
99,-0.0,-0.0,-0.0,-0.0,-0.0,3.0,-0.0,1.0,-0.0,1.0,-0.0,3.0,0.0,6522.228522789359,13308.682499999999,500.0,0.0,0.0,0.0,0.0,0.0,0.0,0.0,0.0,0.0,0.0,0.0,0.0,0.0,0.0,0.0,0.0,0.0,0.0,0.0,0.0,0.0,0.0
100,-0.0,-0.0,-0.0,-0.0,-0.0,3.0,-0.0,1.0,-0.0,-0.0,-0.0,-0.0,0.0,5839.433077111291,13346.189999999999,500.0,0.0,0.0,0.0,0.0,0.0,0.0,0.0,0.0,0.0,0.0,0.0,0.0,0.0,0.0,0.0,0.0,0.0,0.0,0.0,0.0,0.0,0.0
101,-0.0,-0.0,-0.0,-0.0,-0.0,3.0,-0.0,1.0,-0.0,-0.0,-0.0,-0.0,0.0,5550.311542283116,13616.115,500.0,0.0,0.0,0.0,0.0,0.0,0.0,0.0,0.0,0.0,0.0,0.0,0.0,0.0,0.0,0.0,0.0,0.0,0.0,0.0,0.0,0.0,0.0
102,-0.0,1.0,-0.0,0.0,-0.0,4.0,-0.0,1.0,-0.0,-0.0,-0.0,-0.0,0.0,6522.517039697443,13683.57,500.0,0.0,0.0,0.0,0.0,0.0,0.0,0.0,0.0,0.0,0.0,0.0,0.0,0.0,0.0,0.0,0.0,0.0,0.0,0.0,0.0,0.0,0.0
103,-0.0,1.0,-0.0,-0.0,-0.0,5.0,-0.0,1.0,-0.0,-0.0,-0.0,-0.0,0.0,8862.517039697443,13715.1825,848.6433410180562,0.0,0.0,0.0,0.0,0.0,0.0,0.0,0.0,0.0,0.0,0.0,0.0,0.0,0.0,0.0,0.0,0.0,0.0,0.0,0.0,0.0,0.0
104,-0.0,1.0,-0.0,1.0,-0.0,6.0,-0.0,2.0,-0.0,-0.0,-0.0,-0.0,0.0,11412.517039697443,13094.1525,1656.5405923981016,0.0,0.0,0.0,0.0,0.0,0.0,0.0,0.0,0.0,0.0,0.0,0.0,0.0,0.0,0.0,0.0,0.0,0.0,0.0,0.0,0.0,0.0
105,-0.0,-0.0,-0.0,-0.0,-0.0,5.0,-0.0,2.0,-0.0,1.0,-0.0,0.0,0.0,12334.071094553132,12791.115,1971.6834796029461,0.0,0.0,0.0,0.0,0.0,0.0,0.0,0.0,0.0,0.0,0.0,0.0,0.0,0.0,0.0,0.0,0.0,0.0,0.0,0.0,0.0,0.0
106,-0.0,-0.0,-0.0,-0.0,-0.0,4.0,-0.0,2.0,-0.0,1.0,-0.0,-0.0,0.0,9994.071094553135,13463.7375,1963.4797813937957,0.0,0.0,0.0,0.0,0.0,0.0,0.0,0.0,0.0,0.0,0.0,0.0,0.0,0.0,0.0,0.0,0.0,0.0,0.0,0.0,0.0,0.0
107,-0.0,-0.0,-0.0,-0.0,-0.0,4.0,-0.0,2.0,-0.0,-0.0,-0.0,0.0,0.0,7864.071094553138,13751.009999999998,1000.0,0.0,0.0,0.0,0.0,0.0,0.0,0.0,0.0,0.0,0.0,0.0,0.0,0.0,0.0,0.0,0.0,0.0,0.0,0.0,0.0,0.0,0.0
108,-0.0,-0.0,-0.0,-0.0,-0.0,4.0,-0.0,-0.0,-0.0,-0.0,-0.0,2.0,0.0,7333.465677139751,13547.7825,0.0,0.0,0.0,0.0,0.0,0.0,0.0,0.0,0.0,0.0,0.0,0.0,0.0,0.0,0.0,0.0,0.0,0.0,0.0,0.0,0.0,0.0,0.0
109,-0.0,-0.0,-0.0,1.0,-0.0,4.0,-0.0,1.0,-0.0,0.0,-0.0,-0.0,0.0,6493.46567713975,12992.388521430741,500.0,0.0,0.0,0.0,96.0489785692589,0.0,0.0,0.0,0.0,0.0,0.0,0.0,0.0,0.0,0.0,0.0,0.0,0.0,0.0,0.0,0.0,0.0,0.0
110,-0.0,-0.0,-0.0,0.0,-0.0,4.0,-0.0,1.0,-0.0,-0.0,-0.0,-0.0,0.0,6246.8666631748765,13259.812499999998,500.0,0.0,0.0,0.0,0.0,0.0,0.0,0.0,0.0,0.0,0.0,0.0,0.0,0.0,0.0,0.0,0.0,0.0,0.0,0.0,0.0,0.0,0.0
111,-0.0,-0.0,-0.0,-0.0,-0.0,4.0,-0.0,1.0,-0.0,-0.0,-0.0,-0.0,0.0,6568.839487733925,13771.612500000001,500.0,0.0,0.0,0.0,0.0,0.0,0.0,0.0,0.0,0.0,0.0,0.0,0.0,0.0,0.0,0.0,0.0,0.0,0.0,0.0,0.0,0.0,0.0
112,-0.0,-0.0,-0.0,4.0,-0.0,4.0,-0.0,5.0,-0.0,-0.0,-0.0,-0.0,0.0,6176.4721964092405,13397.8125,2923.855427429573,0.0,0.0,0.0,0.0,0.0,0.0,0.0,0.0,0.0,0.0,0.0,0.0,0.0,0.0,0.0,0.0,0.0,0.0,0.0,0.0,0.0,0.0
113,-0.0,0.0,-0.0,-0.0,-0.0,4.0,-0.0,5.0,-0.0,-0.0,-0.0,-0.0,0.0,6839.999999999996,12334.0575,5923.855427429573,0.0,0.0,0.0,0.0,0.0,0.0,0.0,0.0,0.0,0.0,0.0,0.0,0.0,0.0,0.0,0.0,0.0,0.0,0.0,0.0,0.0,0.0
114,-0.0,-0.0,-0.0,-0.0,-0.0,2.0,-0.0,5.0,-0.0,2.0,-0.0,-0.0,6145.58125,6000.0,12396.622500000001,3787.999921050381,0.0,0.0,0.0,0.0,0.0,0.0,0.0,0.0,0.0,0.0,0.0,0.0,0.0,0.0,0.0,0.0,0.0,0.0,0.0,0.0,0.0,0.0
115,-0.0,-0.0,-0.0,-0.0,-0.0,2.0,-0.0,1.0,-0.0,-0.0,-0.0,4.0,12314.36875,3031.567916827309,12976.162499999999,787.9999210503811,0.0,0.0,0.0,0.0,0.0,0.0,0.0,0.0,0.0,0.0,0.0,0.0,0.0,0.0,0.0,0.0,0.0,0.0,0.0,0.0,0.0,0.0
116,-0.0,-0.0,-0.0,-0.0,-0.0,2.0,-0.0,1.0,-0.0,0.0,-0.0,-0.0,12325.725,3451.567916827309,11872.6575,814.3701749026877,0.0,0.0,0.0,0.0,0.0,0.0,0.0,0.0,0.0,0.0,0.0,0.0,0.0,0.0,0.0,0.0,0.0,0.0,0.0,0.0,0.0,0.0
117,-0.0,0.0,-0.0,1.0,-0.0,2.0,-0.0,2.0,-0.0,-0.0,-0.0,-0.0,12346.0875,3871.567916827309,10085.0325,1439.7720838991772,0.0,0.0,0.0,0.0,0.0,0.0,0.0,0.0,0.0,0.0,0.0,0.0,0.0,0.0,0.0,0.0,0.0,0.0,0.0,0.0,0.0,0.0
118,-0.0,-0.0,-0.0,-0.0,-0.0,2.0,-0.0,2.0,-0.0,-0.0,-0.0,0.0,12311.69375,4291.567916827305,8405.37,1022.8639089052631,0.0,0.0,0.0,0.0,0.0,0.0,0.0,0.0,0.0,0.0,0.0,0.0,0.0,0.0,0.0,0.0,0.0,0.0,0.0,0.0,0.0,0.0
119,-0.0,-0.0,-0.0,-0.0,-0.0,2.0,-0.0,1.0,-0.0,0.0,-0.0,1.0,12263.481249999999,3983.9035015197055,7128.0525,961.406647533981,0.0,0.0,0.0,0.0,0.0,0.0,0.0,0.0,0.0,0.0,0.0,0.0,0.0,0.0,0.0,0.0,0.0,0.0,0.0,0.0,0.0,0.0
120,-0.0,-0.0,-0.0,-0.0,-0.0,2.0,-0.0,1.0,-0.0,-0.0,-0.0,0.0,12343.143750000001,3563.9035015197055,6777.375000000001,500.0,0.0,0.0,0.0,0.0,0.0,0.0,0.0,0.0,0.0,0.0,0.0,0.0,0.0,0.0,0.0,0.0,0.0,0.0,0.0,0.0,0.0,0.0
